<?xml version="1.0" encoding="UTF-8"?>
<user>
    <diapo>
        <title data-id="1">
			Test presentation
		</title>
    </diapo>
    <diapo>
        <title data-id="2">
			Hello world
		</title>
        <subtitle>
			departement project
		</subtitle>
    </diapo>
    <diapo>
        <title data-id="3">
			with normal text
		</title>
        <paragraph>
			my paragraph with one message and less than 140 characters
		</paragraph>
    </diapo>
    <diapo>
        <title data-id="4">
			with bullet points
		</title>
        <bullet data-id="1">
			first bullet point
		</bullet>
        <bullet data-id="1">
			second bullet point
		</bullet>
        <bullet data-id="2">
			third bullet point
		</bullet>
    </diapo>
    <diapo>
        <title data-id="5">
			with text and image
		</title>
        <paragraph>
			jolie image
		</paragraph>
		<image>
			<img src="img.jpg"/>
		</image>
    </diapo>
    
</user>